{"coef": 3206.2937062937062, "intercept": 9742.42424242424}